,sub,character
0,Category:Deceased individuals,Giffard Abbott
1,Category:Deceased individuals,Falco Aesalon
2,Category:Deceased individuals,Walter Aragon
3,Category:Deceased individuals,Podric Batworthy
4,Category:Deceased individuals,Bragbor the Boastful
5,Category:Deceased individuals,Bran the Bloodthirsty
6,Category:Deceased individuals,Brutus
7,Category:Deceased individuals,Angus Buchanan
8,Category:Deceased individuals,Zygmunt Budge
9,Category:Deceased individuals,Henry Bumblepuft
10,Category:Deceased individuals,Elizabeth Burke
11,Category:Deceased individuals,Catchpole
12,Category:Deceased individuals,Cliodna
13,Category:Deceased individuals,Antonia Creaseworthy
14,Category:Deceased individuals,Crookshanks
15,Category:Deceased individuals,Marmaduke Dale
16,Category:Deceased individuals,Deek and Tobbs's first master
17,Category:Deceased individuals,Petunia Dursley
18,Category:Deceased individuals,Ekrizdis
19,Category:Deceased individuals,Errol
20,Category:Deceased individuals,Ethelred the Ever-Ready
21,Category:Deceased individuals,Fat Lady
22,Category:Deceased individuals,Wilhelm Fischer
23,Category:Deceased individuals,Niamh Fitzgerald
24,Category:Deceased individuals,Frazier
25,Category:Deceased individuals,Basil Fronsac
26,Category:Deceased individuals,Ferdinand da Gama
27,Category:Deceased individuals,Corvinus Gaunt
28,Category:Deceased individuals,Morfin Gaunt's first snake
29,Category:Deceased individuals,Ominis Gaunt
30,Category:Deceased individuals,Ominis Gaunt's father
31,Category:Deceased individuals,Ominis Gaunt's mother
32,Category:Deceased individuals,Ominis Gaunt's older siblings
33,Category:Deceased individuals,Category:Ghosts
34,Category:Deceased individuals,Godfrey the Gormless
35,Category:Deceased individuals,Gondulphus Graves
36,Category:Deceased individuals,Aquila Greengrass
37,Category:Deceased individuals,Robert Grimsditch
38,Category:Deceased individuals,Grogory
39,Category:Deceased individuals,Godric Gryffindor
40,Category:Deceased individuals,First Headmaster of Hogwarts
41,Category:Deceased individuals,Heath Heatherton
42,Category:Deceased individuals,Hedwig (wizard)
43,Category:Deceased individuals,Hengist of Upper Barnton
44,Category:Deceased individuals,Helga Hufflepuff
45,Category:Deceased individuals,Helixa Hyslop
46,Category:Deceased individuals,Syna Hyslop
47,Category:Deceased individuals,Category:Individuals by death
48,Category:Deceased individuals,Mary Jauncey
49,Category:Deceased individuals,John
50,Category:Deceased individuals,Mustafa Kama
51,Category:Deceased individuals,Silvanus Kettleburn
52,Category:Deceased individuals,Kreacher
53,Category:Deceased individuals,Linfred of Stinchcombe
54,Category:Deceased individuals,Carlos Lopez
55,Category:Deceased individuals,Luke
56,Category:Deceased individuals,Mungo MacDuff
57,Category:Deceased individuals,Armand Malfoy
58,Category:Deceased individuals,Lucius Malfoy I
59,Category:Deceased individuals,Mark
60,Category:Deceased individuals,Mary
61,Category:Deceased individuals,Matthew
62,Category:Deceased individuals,Isidora Morganach's brother
63,Category:Deceased individuals,Napier
64,Category:Deceased individuals,Cormac O'Brien
65,Category:Deceased individuals,Odo
66,Category:Deceased individuals,Opal Necklace's unidentified victims
67,Category:Deceased individuals,Oswald
68,Category:Deceased individuals,Prentiss Pagett-Goggins
69,Category:Deceased individuals,Pangur Donn
70,Category:Deceased individuals,Antioch Peverell's killer
71,Category:Deceased individuals,Ignotus Peverell's son
72,Category:Deceased individuals,Portrait of a Healer in St Mungo's Hospital
73,Category:Deceased individuals,Abraham Potter
74,Category:Deceased individuals,Fleamont Potter's mother
75,Category:Deceased individuals,Hardwin Potter
76,Category:Deceased individuals,Hardwin Potter's siblings
77,Category:Deceased individuals,Henry Potter's father
78,Category:Deceased individuals,Henry Potter's mother
79,Category:Deceased individuals,Ralston Potter
80,Category:Deceased individuals,Ferdinand Octavius Pratt
81,Category:Deceased individuals,Berthilde Roche
82,Category:Deceased individuals,Victor Rookwood's father
83,Category:Deceased individuals,Edessa Sakndenberg
84,Category:Deceased individuals,Brutus Scrimgeour
85,Category:Deceased individuals,Leticia Somnolens
86,Category:Deceased individuals,Phyllida Spore
87,Category:Deceased individuals,Amrose Swott
88,Category:Deceased individuals,Quentin Trimble
89,Category:Deceased individuals,Troglodous
90,Category:Deceased individuals,Greville Twiddle
91,Category:Deceased individuals,Fytherley Undercliffe
92,Category:Deceased individuals,Unidentified deceased Hippogriff
93,Category:Deceased individuals,Unidentified pioneer in Dragon Taming
94,Category:Deceased individuals,Vindictus Viridian
95,Category:Deceased individuals,Nerida Vulchanova
96,Category:Deceased individuals,Warlock's family
97,Category:Deceased individuals,Helmut Weiss
98,Category:Deceased individuals,Bridget Wenlock's cousin
99,Category:Deceased individuals,Heliotrope Wilkins
100,Category:Deceased individuals,Witch who stole the Helmet of Urtkot
101,Category:Deceased individuals,Wizard's father
102,Category:Deceased individuals,Indira Wolff's father
103,Category:Deceased individuals,Blaise Zabini's mother's seven husbands
104,Category:Deities,Angel of Death
105,Category:Deities,Artemis (goddess)
106,Category:Deities,Bast
107,Category:Deities,Devil
108,Category:Deities,God
109,Category:Deities,Jesus
110,Category:Fictional characters,Altheda
111,Category:Fictional characters,Amata
112,Category:Fictional characters,Amata's lover
113,Category:Fictional characters,Asha
114,Category:Fictional characters,Britannia
115,Category:Fictional characters,Captain of the Brigade of Witch-Hunters
116,Category:Fictional characters,Charlatan
117,Category:Fictional characters,Crapaud
118,Category:Fictional characters,Death (The Tale of the Three Brothers)
119,Category:Fictional characters,Count Dracula
120,Category:Fictional characters,Evil sorcerer
121,Category:Fictional characters,Father Christmas
122,Category:Fictional characters,Flurry
123,Category:Fictional characters,Grenouille
124,Category:Fictional characters,Grumble
125,Category:Fictional characters,Dirgah Hagrid
126,Category:Fictional characters,The Hopping Pot
127,Category:Fictional characters,King (Babbitty Rabbitty and her Cackling Stump)
128,Category:Fictional characters,Maiden
129,Category:Fictional characters,Maiden's kinsfolk
130,Category:Fictional characters,Martin Miggs
131,Category:Fictional characters,Loony Nonby
132,Category:Fictional characters,Old man
133,Category:Fictional characters,Old man's donkey
134,Category:Fictional characters,Old man's family
135,Category:Fictional characters,Peasant woman
136,Category:Fictional characters,Peasant woman's granddaughter
137,Category:Fictional characters,Pudubec
138,Category:Fictional characters,Babbitty Rabbitty
139,Category:Fictional characters,Sabre
140,Category:Fictional characters,Sir Luckless
141,Category:Fictional characters,Warlock (The Warlock's Hairy Heart)
142,Category:Fictional characters,Warlock's family
143,Category:Fictional characters,Warlock's friends
144,Category:Fictional characters,Wee Willykins
145,Category:Fictional characters,Gigantic white worm
146,Category:Fictional characters,Wizard (The Wizard and the Hopping Pot)
147,Category:Fictional characters,Wizard's father
148,Category:Fictional characters,Young woman
149,Category:Fictional characters,Young woman's child
150,Category:Impersonated individuals,Abernathy
151,Category:Impersonated individuals,Bathilda Bagshot
152,Category:Impersonated individuals,Cuthbert Binns
153,Category:Impersonated individuals,Phineas Nigellus Black
154,Category:Impersonated individuals,Bloody Baron
155,Category:Impersonated individuals,Verucca Buckthorn-Snyde
156,Category:Impersonated individuals,Reginald Cattermole
157,Category:Impersonated individuals,Penelope Clearwater
158,Category:Impersonated individuals,Vincent Crabbe
159,Category:Impersonated individuals,Bartemius Crouch Junior
160,Category:Impersonated individuals,Bartemius Crouch Junior's mother
161,Category:Impersonated individuals,Amos Diggory
162,Category:Impersonated individuals,Gregory Goyle
163,Category:Impersonated individuals,Hermione Granger
164,Category:Impersonated individuals,Percival Graves
165,Category:Impersonated individuals,Gellert Grindelwald
166,Category:Impersonated individuals,Mafalda Hopkirk
167,Category:Impersonated individuals,Bellatrix Lestrange
168,Category:Impersonated individuals,Neville Longbottom
169,Category:Impersonated individuals,Kensington Millbottom
170,Category:Impersonated individuals,Alastor Moody
171,Category:Impersonated individuals,Red-haired Muggle boy
172,Category:Impersonated individuals,Daniel Page
173,Category:Impersonated individuals,Matthias Pickering
174,Category:Impersonated individuals,Harry Potter
175,Category:Impersonated individuals,Patricia Rakepick
176,Category:Impersonated individuals,Tom Riddle
177,Category:Impersonated individuals,Felix Rosier
178,Category:Impersonated individuals,Albert Runcorn
179,Category:Impersonated individuals,Theseus Scamander
180,Category:Impersonated individuals,Stanley Shunpike
181,Category:Impersonated individuals,Severus Snape
182,Category:Impersonated individuals,Nymphadora Tonks
183,Category:Impersonated individuals,Unidentified balding Muggle
184,Category:Impersonated individuals,Unidentified balding Muggle's wife
185,Category:Impersonated individuals,Unidentified little girl
186,Category:Impersonated individuals,Ronald Weasley
187,Category:Individuals by house,Category:Individuals by Ilvermorny house
188,Category:Individuals by house,Category:Individuals by Hogwarts house
189,Category:Individuals by physical characteristics,Category:Individuals by eye colour
190,Category:Individuals with shortened names,Bartemius Crouch Junior
191,Category:Individuals with shortened names,Bartemius Crouch Senior
192,Category:Individuals with shortened names,Petunia Dursley
193,Category:Individuals with shortened names,Xenophilius Lovegood
194,Category:Individuals with shortened names,Edward Lupin
195,Category:Individuals with shortened names,Ernest Macmillan
196,Category:Individuals with shortened names,Narcissa Malfoy
197,Category:Individuals with shortened names,Natsai Onai
198,Category:Individuals with shortened names,Severus Snape
199,Category:Individuals with shortened names,Andromeda Tonks
200,Category:Individuals with shortened names,Edward Tonks
201,Category:Individuals with shortened names,Charles Weasley
202,Category:Individuals with shortened names,Ginevra Weasley
203,Category:Individuals with shortened names,Percy Weasley
204,Category:Individuals with shortened names,Ronald Weasley
205,Category:Individuals with shortened names,William Weasley
206,Category:Individuals by ability,Category:Animagi
207,Category:Individuals by ability,Category:Late-bloomers
208,Category:Individuals by ability,Category:Legilimens
209,Category:Individuals by ability,Category:Maledictuses
210,Category:Individuals by ability,Category:Metamorphmagi
211,Category:Individuals by ability,Category:Obscurials
212,Category:Individuals by ability,Category:Occlumens
213,Category:Individuals by ability,Category:Parselmouths
214,Category:Individuals by ability,Category:Practitioners of ancient magic
215,Category:Individuals by ability,Category:Seers
216,Category:Individuals by ability,Category:Spell inventors
217,Category:Individuals by achievement,Category:Award recipients
218,Category:Individuals by achievement,Category:Centenarians
219,Category:Individuals by achievement,Category:Elder Wand owners
220,Category:Individuals by achievement,Category:Exploding Snap Tournament contenders
221,Category:Individuals by achievement,Category:Hogwarts Castle namesakes
222,Category:Individuals by achievement,Category:Inventors
223,Category:Individuals by achievement,Category:Potions Champions
224,Category:Individuals by achievement,Category:Saints
225,Category:Individuals by achievement,Category:Triwizard Champions
226,Category:Individuals by allegiance,Category:Blood traitors
227,Category:Individuals by allegiance,Category:British Ministry of Magic allies
228,Category:Individuals by allegiance,Category:Conspiracy theorists
229,Category:Individuals by allegiance,Category:Dark Force Defence League members
230,Category:Individuals by allegiance,Category:Death Eater allies
231,Category:Individuals by allegiance,Category:Death Eater enemies
232,Category:Individuals by allegiance,Category:Defectors
233,Category:Individuals by allegiance,Category:Duelling Club members
234,Category:Individuals by allegiance,Category:Dumbledore's first army
235,Category:Individuals by allegiance,Category:Dumbledore's first army allies
236,Category:Individuals by allegiance,Category:Followers of Gellert Grindelwald
237,Category:Individuals by allegiance,Category:Keepers (ancient magic)
238,Category:Individuals by allegiance,Category:Gilderoy Lockhart's fans
239,Category:Individuals by allegiance,Category:Mascots
240,Category:Individuals by allegiance,Category:Potions Club members
241,Category:Individuals by allegiance,Category:Pure-blood supremacists
242,Category:Individuals by allegiance,Category:Quidditch fans
243,Category:Individuals by allegiance,Category:R
244,Category:Individuals by allegiance,Category:Spies
245,Category:Individuals by allegiance,Category:The Quibbler readers
246,Category:Individuals by class,Category:Nobility
247,Category:Individuals by class,Category:Royalty
248,Category:Individuals by deed,Category:1994 Quidditch World Cup attendees
249,Category:Individuals by deed,Category:Basilisk owners
250,Category:Individuals by deed,Category:Battle participants
251,Category:Individuals by deed,Category:Candidates' Dinner attendees
252,Category:Individuals by deed,Category:Criminals
253,Category:Individuals by deed,Category:Disciplinary hearing of Harry Potter participants
254,Category:Individuals by deed,Category:Horcrux destroyers
255,Category:Individuals by deed,Category:Horcrux possessors
256,Category:Individuals by deed,Category:Individuals who knew about Horcruxes
257,Category:Individuals by deed,Category:Meeting at Malfoy Manor participants
258,Category:Individuals by deed,Category:Ousting of Severus Snape participants
259,Category:Individuals by deed,Category:Philanthropists
260,Category:Individuals by deed,Category:Plot to assassinate Albus Dumbledore participants
261,Category:Individuals by deed,Category:Plot to kill Harry Potter participants
262,Category:Individuals by deed,Category:Plot to murder Peter Pettigrew participants
263,Category:Individuals by deed,Category:Plot to open the Chamber of Secrets participants
264,Category:Individuals by deed,Category:Plot to steal the Philosopher's Stone participants
265,Category:Individuals by deed,Category:Return of Lord Voldemort participants
266,Category:Individuals by deed,Category:Secret-Keepers
267,Category:Individuals by deed,Category:Spies
268,Category:Individuals by deed,Category:The walk of the Qilin attendees
269,Category:Individuals by deed,Category:Time travellers
270,Category:Individuals by deed,Category:Un-borns
271,Category:Individuals by deed,Category:Unforgivable Curse users
272,Category:Individuals by deed,Category:War veterans
273,Category:Individuals by era,Category:Individuals by year of birth
274,Category:Individuals by era,Category:Individuals by year of death
275,Category:Individuals by era,Category:Historical figures
276,Category:Individuals by era,Category:Hogwarts students by era
277,Category:Individuals by era,Category:Individuals by year of Sorting
278,Category:Individuals by gender,Category:Females
279,Category:Individuals by gender,Category:Individuals of unknown or undetermined gender
280,Category:Individuals by gender,Category:Males
281,Category:Individuals by injury,Category:Cruciatus Curse victims
282,Category:Individuals by injury,Category:Dementor victims
283,Category:Individuals by injury,Category:Hippogriff victims
284,Category:Individuals by injury,Category:Imperius Curse victims
285,Category:Individuals by injury,Category:Individuals with disabilities
286,Category:Individuals by injury,Category:Petrification victims
287,Category:Individuals by injury,Category:Sectumsempra victims
288,Category:Individuals by injury,Category:Splinchees
289,Category:Individuals by injury,Category:St Mungo's patients
290,Category:Individuals by injury,Category:Victims of Muggle torture
291,Category:Individuals by injury,Category:Wampus cat victims
292,Category:Individuals by injury,Category:Werewolf victims
293,Category:Individuals by injury,Category:Wrongfully convicted individuals
294,Category:Individuals by job,Category:Accountants
295,Category:Individuals by job,Category:Activists
296,Category:Individuals by job,Category:Arithmancers
297,Category:Individuals by job,Category:Artists
298,Category:Individuals by job,Category:Assassins
299,Category:Individuals by job,Category:Astrologers
300,Category:Individuals by job,Category:Athletes
301,Category:Individuals by job,Category:Aurors
302,Category:Individuals by job,Category:Authors
303,Category:Individuals by job,Category:Bankers
304,Category:Individuals by job,Category:Bounty hunters
305,Category:Individuals by job,Category:Breeders
306,Category:Individuals by job,Category:Broadcasters
307,Category:Individuals by job,Category:Broom-makers
308,Category:Individuals by job,Category:Choreographers
309,Category:Individuals by job,Category:Clergy
310,Category:Individuals by job,Category:Clockmakers
311,Category:Individuals by job,Category:Con artists
312,Category:Individuals by job,Category:Confectioners
313,Category:Individuals by job,Category:Cooks
314,Category:Individuals by job,Category:Costume designers
315,Category:Individuals by job,Category:Courtiers
316,Category:Individuals by job,Category:Curse-Breakers
317,Category:Individuals by job,Category:Dancers
318,Category:Individuals by job,Category:Directors
319,Category:Individuals by job,Category:Entertainers
320,Category:Individuals by job,Category:Executioners
321,Category:Individuals by job,Category:Farmers
322,Category:Individuals by job,Category:Fashion designers
323,Category:Individuals by job,Category:Foremen
324,Category:Individuals by job,Category:Groundskeepers
325,Category:Individuals by job,Category:Headmasters and Headmistresses
326,Category:Individuals by job,Category:Historians
327,Category:Individuals by job,Category:House-elves
328,Category:Individuals by job,Category:Individuals by employer
329,Category:Individuals by job,Category:Inventors
330,Category:Individuals by job,Category:Journalists
331,Category:Individuals by job,Category:Judges
332,Category:Individuals by job,Category:Legislators
333,Category:Individuals by job,Category:Lighting designers
334,Category:Individuals by job,Category:Military personnel
335,Category:Individuals by job,Category:Milkmen
336,Category:Individuals by job,Category:Monster hunters
337,Category:Individuals by job,Category:Perfumers
338,Category:Individuals by job,Category:Personal assistants
339,Category:Individuals by job,Category:Philanthropists
340,Category:Individuals by job,Category:Philosophers
341,Category:Individuals by job,Category:Photographers
342,Category:Individuals by job,Category:Physicians
343,Category:Individuals by job,Category:Poachers
344,Category:Individuals by job,Category:Poets
345,Category:Individuals by job,Category:Police officers
346,Category:Individuals by job,Category:Politicians
347,Category:Individuals by job,Category:Producers
348,Category:Individuals by job,Category:Professors
349,Category:Individuals by job,Category:Pub landlords and landladies
350,Category:Individuals by job,Category:Quidditch coaches
351,Category:Individuals by job,Category:Quidditch commentators
352,Category:Individuals by job,Category:Quidditch managers
353,Category:Individuals by job,Category:Quidditch referees
354,Category:Individuals by job,Category:Scientists
355,Category:Individuals by job,Category:Security guards
356,Category:Individuals by job,Category:Set designers
357,Category:Individuals by job,Category:Shop owners
358,Category:Individuals by job,Category:Tailors
359,Category:Individuals by job,Category:Translators
360,Category:Individuals by job,Category:Waitstaff
361,Category:Individuals by job,Category:Wandmakers
362,Category:Individuals by marital status,Category:Divorced individuals
363,Category:Individuals by marital status,Category:Married individuals
364,Category:Individuals by marital status,Category:Unmarried individuals
365,Category:Individuals by parentage,Category:Half-bloods
366,Category:Individuals by parentage,Category:Half-breeds
367,Category:Individuals by parentage,Category:Muggle-borns
368,Category:Individuals by parentage,Category:Muggles
369,Category:Individuals by parentage,Category:Pure-bloods
370,Category:Individuals by parentage,Category:Squibs
371,Category:Individuals by place of origin,Category:Individuals from alternate realities
372,Category:Individuals by place of origin,Category:Emigrants
373,Category:Individuals by place of origin,Category:Individuals by continent
374,Category:Individuals by place of origin,Category:Individuals by nationality
375,Category:Individuals by place of residence,Category:Diagon Alley residents
376,Category:Individuals by place of residence,Category:Feldcroft residents
377,Category:Individuals by place of residence,Category:Godric's Hollow residents
378,Category:Individuals by place of residence,Category:Hogsmeade residents
379,Category:Individuals by place of residence,Category:St Oswald's residents
380,Category:Individuals by relationship,Category:Individuals by family
381,Category:Individuals by relationship,Category:Personal assistants
382,Category:Individuals by relationship,Category:Individuals by romantic relationship
383,Category:Individuals by school,Category:Beauxbatons students
384,Category:Individuals by school,Category:Castelobruxo students
385,Category:Individuals by school,Category:Durmstrang students
386,Category:Individuals by school,Category:Hogwarts students
387,Category:Individuals by school,Category:Home-schooled individuals
388,Category:Individuals by school,Category:Ilvermorny students
389,Category:Individuals by school,Category:Koldovstoretz students
390,Category:Individuals by school,Category:Mahoutokoro students
391,Category:Individuals by school,Category:Smeltings students
392,Category:Individuals by school,Category:Uagadou students
393,Category:Individuals by species,Category:Creatures
394,Category:LGBT individuals,Aisha
395,Category:LGBT individuals,Albus Dumbledore
396,Category:LGBT individuals,Mirabel Garlick
397,Category:LGBT individuals,Mathilda Grimblehawk
398,Category:LGBT individuals,Gellert Grindelwald
399,Category:LGBT individuals,Ruby Honeysuckle
400,Category:LGBT individuals,Ruby Honeysuckle's girlfriend
401,Category:LGBT individuals,Tulip Karasu
402,Category:LGBT individuals,Sirona Ryan
403,Category:LGBT individuals,Simon Talmadge
404,Category:LGBT individuals,Nora Treadwell
405,Category:LGBT individuals,Priya Treadwell
406,Category:Missing individuals,Georgia Clark-Day
407,Category:Missing individuals,George Coutas
408,Category:Missing individuals,Caradoc Dearborn
409,Category:Missing individuals,Alison Denbright
410,Category:Missing individuals,Jason Denbright
411,Category:Missing individuals,Unidentified Department of Mysteries intern
412,Category:Missing individuals,Ellie Dowson
413,Category:Missing individuals,Rob Dowson
414,Category:Missing individuals,Jacob Erland
415,Category:Missing individuals,Mimi Erland
416,Category:Missing individuals,Bella Farley
417,Category:Missing individuals,Charlie Farley
418,Category:Missing individuals,Jake Farley
419,Category:Missing individuals,Madge Farley
420,Category:Missing individuals,Joshua Flexson
421,Category:Missing individuals,Brian Gallagher
422,Category:Missing individuals,William Gallagher
423,Category:Missing individuals,Eleanor Sarah Gibbs
424,Category:Missing individuals,Olivia Gleaves
425,Category:Missing individuals,Toby Gleaves
426,Category:Missing individuals,Percival Graves
427,Category:Missing individuals,Wilda Griffiths
428,Category:Missing individuals,Iola Hillicker
429,Category:Missing individuals,Tamsin Hillicker
430,Category:Missing individuals,James Killick
431,Category:Missing individuals,Katie Killick
432,Category:Missing individuals,Joe Laurie
433,Category:Missing individuals,Qui LeBlanc's father
434,Category:Missing individuals,Category:London Five
435,Category:Missing individuals,Emily Mather
436,Category:Missing individuals,Gabriella Mather
437,Category:Missing individuals,Misper
438,Category:Missing individuals,Octavius Pepper
439,Category:Missing individuals,Mirabella Plunkett
440,Category:Missing individuals,Pumpkin Johnny
441,Category:Missing individuals,Xavier Rastrick
442,Category:Missing individuals,Kitty Sharp
443,Category:Missing individuals,Scarlet Sharp
444,Category:Missing individuals,Bronwyn Trigg
445,Category:Missing individuals,Harry Trigg
446,Category:Missing individuals,Elsie Valentine Schroeder
447,Category:Missing individuals,Selene Wartnaby
448,Category:Missing individuals,Jennifer Winston
449,Category:Unidentified individuals,1992 Gryffindor vs Slytherin Quidditch match spectators
450,Category:Unidentified individuals,Unidentified members of the Accidental Magic Reversal Squad
451,Category:Unidentified individuals,Acolyte thug
452,Category:Unidentified individuals,Actor who played Crapaud
453,Category:Unidentified individuals,Actor who played Grenouille
454,Category:Unidentified individuals,African prince
455,Category:Unidentified individuals,Aged witch
456,Category:Unidentified individuals,Amata's lover
457,Category:Unidentified individuals,Ancient African sorcerer
458,Category:Unidentified individuals,Unidentified five Animagi
459,Category:Unidentified individuals,Unidentified registered Animagus
460,Category:Unidentified individuals,"Anonymous author of Hairy Snout, Human Heart"
461,Category:Unidentified individuals,Apothecary shopkeeper
462,Category:Unidentified individuals,Architect of Hogwarts
463,Category:Unidentified individuals,Armenian warlock
464,Category:Unidentified individuals,Unidentified Aurors at King's Cross Station
465,Category:Unidentified individuals,Bald Healer
466,Category:Unidentified individuals,Baltimore bride
467,Category:Unidentified individuals,Band at William Weasley and Fleur Delacour's wedding
468,Category:Unidentified individuals,Barberus Bragge's advisors
469,Category:Unidentified individuals,Barman at the Three Broomsticks
470,Category:Unidentified individuals,Bitten St Mungo's patient
471,Category:Unidentified individuals,Bloke who fixed the toilet at Leaky Cauldron
472,Category:Unidentified individuals,Amelia Bones's assistant
473,Category:Unidentified individuals,British Ministry of Magic lift attendant
474,Category:Unidentified individuals,British Ministry of Magic meeting assigner
475,Category:Unidentified individuals,Broom Shop shopkeeper
476,Category:Unidentified individuals,Butterbeer enthusiast
477,Category:Unidentified individuals,Cadogan's portraitist
478,Category:Unidentified individuals,Ceremony official
479,Category:Unidentified individuals,Chief Warlock of the Wizengamot in 1544
480,Category:Unidentified individuals,Chudley Cannons groundskeeper
481,Category:Unidentified individuals,Circus Arcanus house-elf
482,Category:Unidentified individuals,Cobb & Webb's shopkeeper
483,Category:Unidentified individuals,Cook at the Leaky Cauldron
484,Category:Unidentified individuals,Dirk Cresswell's friends
485,Category:Unidentified individuals,Crowd outside bakery in Surrey
486,Category:Unidentified individuals,Cruel wizard
487,Category:Unidentified individuals,D. Dussal
488,Category:Unidentified individuals,Dale brothers' mother
489,Category:Unidentified individuals,Dark witch in the Forbidden Forest
490,Category:Unidentified individuals,Dark wizard in Knockturn Alley
491,Category:Unidentified individuals,Day maid at the Leaky Cauldron
492,Category:Unidentified individuals,Decorative waiter serving dragon tartare
493,Category:Unidentified individuals,Deek and Tobbs's first master
494,Category:Unidentified individuals,Unidentified Department of Mysteries intern
495,Category:Unidentified individuals,Director of the Investigation Department and Ministry Police
496,Category:Unidentified individuals,Director of the Investigation Department No. 61042
497,Category:Unidentified individuals,Director of the Ministry Police No. 41041
498,Category:Unidentified individuals,Dishevelled Wizard
499,Category:Unidentified individuals,Dominic
500,Category:Unidentified individuals,Dragon keeper
501,Category:Unidentified individuals,Durmstrang boy
502,Category:Unidentified individuals,Durmstrang girl
503,Category:Unidentified individuals,Editor of Which Broomstick?
504,Category:Unidentified individuals,Unidentified female Eeylops Owl Emporium employee
505,Category:Unidentified individuals,Unidentified male Egyptian in the Weasleys' photograph (I)
506,Category:Unidentified individuals,Unidentified male Egyptian in the Weasleys' photograph (II)
507,Category:Unidentified individuals,Unidentified male Egyptian in the Weasleys' photograph (III)
508,Category:Unidentified individuals,Elderly visitor at Leaky Cauldron
509,Category:Unidentified individuals,Elderly wizard in an emerald-green cloak
510,Category:Unidentified individuals,Employee of the Hogsmeade Post Office
511,Category:Unidentified individuals,Evil sorcerer
512,Category:Unidentified individuals,Unidentified plump little witch examiner
513,Category:Unidentified individuals,Unidentified examiner with a wart on his nose
514,Category:Unidentified individuals,Fallen Fifty
515,Category:Unidentified individuals,Father of boy who owned a magic hamster
516,Category:Unidentified individuals,First semi-finalist of the 1379 duelling contest
517,Category:Unidentified individuals,Mundungus Fletcher's associate
518,Category:Unidentified individuals,Forbidden Forest Trader
519,Category:Unidentified individuals,Forest troll at the Forest Lake
520,Category:Unidentified individuals,Freckle-faced six-year-old
521,Category:Unidentified individuals,Freckle-faced six-year-old's father
522,Category:Unidentified individuals,Fugitive Dark witch
523,Category:Unidentified individuals,Fugitive werewolf
524,Category:Unidentified individuals,Gerbold Ollivander's three firwood wand customers
525,Category:Unidentified individuals,German-speaking woman
526,Category:Unidentified individuals,Ginger Witch
527,Category:Unidentified individuals,Goblet of Fire casket carriers
528,Category:Unidentified individuals,Gormless Morgan's friends
529,Category:Unidentified individuals,Greek man
530,Category:Unidentified individuals,Group of injured giants
531,Category:Unidentified individuals,Grubby-looking St Mungo's patient
532,Category:Unidentified individuals,Theophilus Harlow's lady friend
533,Category:Unidentified individuals,Penny Haywood's flatmate
534,Category:Unidentified individuals,Headmaster of Mahoutokoro during 1990
535,Category:Unidentified individuals,Headteacher of Beauxbatons Academy of Magic during 1792
536,Category:Unidentified individuals,Headteacher of Durmstrang Institute during 1792
537,Category:Unidentified individuals,Hogsmeade street sweeper
538,Category:Unidentified individuals,Hogwarts Express driver
539,Category:Unidentified individuals,Hogwarts potions champion
540,Category:Unidentified individuals,Ruby Honeysuckle's girlfriend
541,Category:Unidentified individuals,Honoria's fiancé
542,Category:Unidentified individuals,Mafalda Hopkirk's Ministerial Superior
543,Category:Unidentified individuals,House-elf in The Blind Pig
544,Category:Unidentified individuals,Idahoan foxtrot dancer
545,Category:Unidentified individuals,Individual who died in Dogweed and Deathcap
546,Category:Unidentified individuals,Judges of the 1379 duelling contest
547,Category:Unidentified individuals,Karkaroff's Aide
548,Category:Unidentified individuals,Koldovstoretz potions champion
549,Category:Unidentified individuals,Landlady of the Green Dragon
550,Category:Unidentified individuals,Leaky Cauldron bartender
551,Category:Unidentified individuals,Unidentified Leaky Cauldron client
552,Category:Unidentified individuals,Leaky Cauldron wizard from Belgium
553,Category:Unidentified individuals,Unidentified fans of Gilderoy Lockhart
554,Category:Unidentified individuals,Gilderoy Lockhart's neighbour
555,Category:Unidentified individuals,Gilderoy Lockhart's helper
556,Category:Unidentified individuals,Alice Longbottom's midwife
557,Category:Unidentified individuals,Lord of the Manor
558,Category:Unidentified individuals,Mad wizard from Versailles
559,Category:Unidentified individuals,Magical Menagerie salesman
560,Category:Unidentified individuals,Magical Menagerie saleswoman
561,Category:Unidentified individuals,Mahoutokoro potions champion
562,Category:Unidentified individuals,Male nurses at St Oswald's Home for Old Witches and Wizards
563,Category:Unidentified individuals,Man who gave Mr Roberts Galleons
564,Category:Unidentified individuals,Man with knowledge of the Taboo
565,Category:Unidentified individuals,Manager at Eeylops Owl Emporium
566,Category:Unidentified individuals,Manager of Flourish and Blotts
567,Category:Unidentified individuals,Manager of Gambol and Japes Wizarding Joke Shop
568,Category:Unidentified individuals,Cassandra Mason's tenants
569,Category:Unidentified individuals,Callum McClintock's landlord
570,Category:Unidentified individuals,Michael's escort at King's Cross Station
571,Category:Unidentified individuals,Minister for Magic Support Staff official
572,Category:Unidentified individuals,Ministry of Magic Visitor No. 09602
573,Category:Unidentified individuals,Ministry of Magic Visitor No. 09603
574,Category:Unidentified individuals,Ministry of Magic Visitor No. 09786
575,Category:Unidentified individuals,Unidentified British Ministry of Magic wizard at the 1994 Quidditch World Cup
576,Category:Unidentified individuals,Overweight British Ministry of Magic worker
577,Category:Unidentified individuals,Ministry Official No. 25052018
578,Category:Unidentified individuals,Ministry Official No. 39423
579,Category:Unidentified individuals,Lilith Molesby's love interest
580,Category:Unidentified individuals,Monstrous Leaky Cauldron guest
581,Category:Unidentified individuals,Mother of boy who owned a magic hamster
582,Category:Unidentified individuals,Mountain Troll in the Forest Grove
583,Category:Unidentified individuals,Muggle Artefact Smuggler
584,Category:Unidentified individuals,Muggle occupant of 12 Grimmauld Place
585,Category:Unidentified individuals,Napier
586,Category:Unidentified individuals,Nepali wizard
587,Category:Unidentified individuals,Unidentified newspaper vendor
588,Category:Unidentified individuals,Night maid at the Leaky Cauldron
589,Category:Unidentified individuals,Unidentified nine-year-old
590,Category:Unidentified individuals,No-Maj sheriff from Santa Barbara
591,Category:Unidentified individuals,Norwegian Minister for Magic in 1932
592,Category:Unidentified individuals,Unidentified nose-picking wizard
593,Category:Unidentified individuals,One-eyed wizard
594,Category:Unidentified individuals,Over-attentive wizard
595,Category:Unidentified individuals,Peregrine's friends
596,Category:Unidentified individuals,Cadmus Peverell's fiancée
597,Category:Unidentified individuals,Antioch Peverell's enemy
598,Category:Unidentified individuals,Antioch Peverell's killer
599,Category:Unidentified individuals,Platform Nine and Three-Quarters station guard
600,Category:Unidentified individuals,Postmaster
601,Category:Unidentified individuals,Unidentified Quidditch referee
602,Category:Unidentified individuals,Quidditch World Cup programme seller
603,Category:Unidentified individuals,R's second messenger
604,Category:Unidentified individuals,Reading visitor in the Three Broomsticks Inn
605,Category:Unidentified individuals,Red-haired young witch
606,Category:Unidentified individuals,Red-haired young witch's friends
607,Category:Unidentified individuals,Unidentified female reporter
608,Category:Unidentified individuals,Rogue alchemist
609,Category:Unidentified individuals,Romanian vampire
610,Category:Unidentified individuals,Isodora Rose
611,Category:Unidentified individuals,Runcorn
612,Category:Unidentified individuals,Second semi-finalist of the 1379 duelling contest
613,Category:Unidentified individuals,Unidentified female Seer
614,Category:Unidentified individuals,Unidentified male Seer
615,Category:Unidentified individuals,Aesop Sharp's partner
616,Category:Unidentified individuals,Shifty wizard
617,Category:Unidentified individuals,Horace Slughorn's friend
618,Category:Unidentified individuals,Squeaky-voiced British Ministry of Magic employee
619,Category:Unidentified individuals,Unidentified St Mungo's girl patient's father
620,Category:Unidentified individuals,Unidentified St Mungo's patient
621,Category:Unidentified individuals,St Mungo's Welcome Witch
622,Category:Unidentified individuals,Liu Tao's supporter
623,Category:Unidentified individuals,Pius Thicknesse's sycophants
624,Category:Unidentified individuals,Third semi-finalist of the 1379 duelling contest
625,Category:Unidentified individuals,Three Aurors who tried to arrest Rubeus Hagrid
626,Category:Unidentified individuals,Three wizards on broomsticks
627,Category:Unidentified individuals,Tobbs's second master
628,Category:Unidentified individuals,Trading Card Shop shopkeeper
629,Category:Unidentified individuals,Transylvanian farmer
630,Category:Unidentified individuals,Transylvanian Head of Magical Co-operation
631,Category:Unidentified individuals,Trolley Witch
632,Category:Unidentified individuals,Two little witches
633,Category:Unidentified individuals,Uagadou potions champion
634,Category:Unidentified individuals,Unidentified acolyte
635,Category:Unidentified individuals,Unidentified Acromantula Commander during Battle of Hogwarts
636,Category:Unidentified individuals,Unidentified Amulet-seller in Diagon Alley
637,Category:Unidentified individuals,Unidentified Australian wizard
638,Category:Unidentified individuals,Unidentified Azkaban escapee
639,Category:Unidentified individuals,Unidentified balding British Ministry of Magic employee
640,Category:Unidentified individuals,Unidentified Ballycastle Bats Chaser
641,Category:Unidentified individuals,Unidentified Beauxbatons students
642,Category:Unidentified individuals,Unidentified black wizard during the Battle of Hogwarts
643,Category:Unidentified individuals,Unidentified blond twin boys at Platform Nine and Three-Quarters
644,Category:Unidentified individuals,Unidentified broom flyer
645,Category:Unidentified individuals,Unidentified brown-coloured Hippogriff
646,Category:Unidentified individuals,Unidentified bushily-whiskered British Ministry of Magic employee
647,Category:Unidentified individuals,Unidentified bushy-haired muttering wizard
648,Category:Unidentified individuals,Unidentified Canadian Seer
649,Category:Character stubs,Omar Abasi
650,Category:Character stubs,Fatima Al-Eryani
651,Category:Character stubs,Badeea Ali
652,Category:Character stubs,Anabelle
653,Category:Character stubs,Adam Arterius
654,Category:Character stubs,Duncan Ashe
655,Category:Character stubs,Edwin Avarus
656,Category:Character stubs,Ernie Azan
657,Category:Character stubs,Leopold Babcocke
658,Category:Character stubs,San Bakar
659,Category:Character stubs,Mildred Banks
660,Category:Character stubs,Evangeline Bardsley
661,Category:Character stubs,Bardolph Beaumont
662,Category:Character stubs,Claire Beaumont
663,Category:Character stubs,Archie Bickle
664,Category:Character stubs,Johanna Bickle
665,Category:Character stubs,Johanna Bickle's husband
666,Category:Character stubs,Bilm
667,Category:Character stubs,Bilton Bilmes
668,Category:Character stubs,Biscuit (Mooncalf)
669,Category:Character stubs,Cressida Blume
670,Category:Character stubs,Effie Bones
671,Category:Character stubs,Lethia Burbley
672,Category:Character stubs,Howard Chalk
673,Category:Character stubs,Chauncy
674,Category:Character stubs,Chauncey Clearwater
675,Category:Character stubs,Eddie Cleaver
676,Category:Character stubs,Carlos Clodoaldo
677,Category:Character stubs,Jemima Collins
678,Category:Character stubs,Ben Copper
679,Category:Character stubs,Hazel Cordon
680,Category:Character stubs,Samantha Dale
681,Category:Character stubs,Deek
682,Category:Character stubs,Dorran
683,Category:Character stubs,Mortimer Dreadnaught
684,Category:Character stubs,Kirley Duke
685,Category:Character stubs,Albus Dumbledore's great-great-grandfather
686,Category:Character stubs,Davet Dumont
687,Category:Character stubs,Edith
688,Category:Character stubs,Elek
689,Category:Character stubs,Kevin Farrell
690,Category:Character stubs,Fastidio
691,Category:Character stubs,Addison Fawley
692,Category:Character stubs,Eustace Fawley's uncle
693,Category:Character stubs,Grim Fawley
694,Category:Character stubs,Melody Fawley
695,Category:Character stubs,Penelope Fawley
696,Category:Character stubs,Eleazar Fig
697,Category:Character stubs,Filk
698,Category:Character stubs,Henrietta Fischer
699,Category:Character stubs,Mellona Flume
700,Category:Character stubs,Crescent Flump
701,Category:Character stubs,Dietrich Frenzen
702,Category:Character stubs,Colby Frey
703,Category:Character stubs,Fischer Frey
704,Category:Character stubs,Gimkey
705,Category:Character stubs,Annalena Gleam
706,Category:Character stubs,Ananya Gopal
707,Category:Character stubs,Gregory Goyle's mother
708,Category:Character stubs,Beatrice Green
709,Category:Character stubs,Aquila Greengrass
710,Category:Character stubs,Cereus Greengrass
711,Category:Character stubs,Gareth Greengrass
712,Category:Character stubs,Wilda Griffiths
713,Category:Character stubs,Coeus Grimshaw
714,Category:Character stubs,Vic Groundswell
715,Category:Character stubs,Gryffindor Lad
716,Category:Character stubs,Catrin Haggarty
717,Category:Character stubs,Theophilus Harlow
718,Category:Character stubs,Cillian Hawksworth
719,Category:Character stubs,Helmut
720,Category:Character stubs,Susanna Hesleden's mother
721,Category:Character stubs,Jenna Hexsmith
722,Category:Character stubs,Augustus Hill
723,Category:Character stubs,Hogsmeade town crier
724,Category:Character stubs,Ruby Honeysuckle
725,Category:Character stubs,Amos Hopkins
726,Category:Character stubs,Horst
727,Category:Character stubs,Cyfrin Hughes
728,Category:Character stubs,Betty Huxley
729,Category:Character stubs,Jacob (Hogwarts student)
730,Category:Character stubs,Hector Jenkins
731,Category:Character stubs,Roland Kegg
732,Category:Character stubs,Rowan Khanna
733,Category:Character stubs,Krafty
734,Category:Character stubs,Lucy Lanyon
735,Category:Character stubs,Ernie Lark
736,Category:Character stubs,Andrew Larson
737,Category:Character stubs,Fatimah Lawang
738,Category:Character stubs,Leaky Cauldron wizard from Belgium
739,Category:Character stubs,Qui LeBlanc's father
740,Category:Character stubs,Qui LeBlanc's mother
741,Category:Character stubs,Lodgok
742,Category:Character stubs,Harfang Longbottom
743,Category:Character stubs,Lachlan MacKenzie
744,Category:Character stubs,Alasdair Maddock
745,Category:Character stubs,Malcolm
746,Category:Character stubs,Man who gave Mr Roberts Galleons
747,Category:Character stubs,Cassandra Mason
748,Category:Character stubs,Mazoni
749,Category:Character stubs,Violet McDowell
750,Category:Character stubs,Dotty McNiven
751,Category:Character stubs,Murphy McNully
752,Category:Character stubs,Gregor McQueen
753,Category:Character stubs,Titus Mitcham
754,Category:Character stubs,Gladwin Moon
755,Category:Character stubs,Iona Morgan
756,Category:Character stubs,Isidora Morganach's brother
757,Category:Character stubs,Marcus Morhaven
758,Category:Character stubs,Muggle at Circus
759,Category:Character stubs,Bella Navarro
760,Category:Character stubs,Bernard Ndiaye's daughters
761,Category:Character stubs,Zenobia Noke
762,Category:Character stubs,Nonsuch
763,Category:Character stubs,Eric Northcott
764,Category:Character stubs,Norwegian Minister for Magic in 1932
765,Category:Character stubs,Agnes Nutt
766,Category:Character stubs,Medb O'Sullivan
767,Category:Character stubs,Adelaide Oakes
768,Category:Character stubs,Adelaide Oakes's father
769,Category:Character stubs,Adelaide Oakes's mother
770,Category:Character stubs,Nellie Oggspire
771,Category:Character stubs,Erika Ostensen
772,Category:Character stubs,Padgett family
773,Category:Character stubs,Daniel Page
774,Category:Character stubs,Kaleena Page
775,Category:Character stubs,Elric Parpidum
776,Category:Character stubs,Morton Parpidum
777,Category:Character stubs,Ellie Peck
778,Category:Character stubs,Mahendra Pehlwaan
779,Category:Character stubs,Hugo Pepper
780,Category:Character stubs,Janice Pepper
781,Category:Character stubs,Peregrine
782,Category:Character stubs,Peter Pettigrew's mother
783,Category:Character stubs,Louka Phyllian
784,Category:Character stubs,Constance Pickering
785,Category:Character stubs,Badger Picklish III
786,Category:Character stubs,Grace Pinch-Smedley
787,Category:Character stubs,Parry Pippin
788,Category:Character stubs,Pitts
789,Category:Character stubs,Piers Polkiss
790,Category:Character stubs,Petrova Porskoff
791,Category:Character stubs,Postmaster
792,Category:Character stubs,Fleamont Potter's mother
793,Category:Character stubs,Rohan Prakash
794,Category:Character stubs,Pronk
795,Category:Character stubs,Adrian Pucey
796,Category:Character stubs,Daisy Rabe
797,Category:Character stubs,Prudence Rabnott
798,Category:Character stubs,Percival Rackham
799,Category:Character stubs,Patricia Rakepick
800,Category:Character stubs,Erika Rath's friend (I)
801,Category:Character stubs,Erika Rath's friend (II)
802,Category:Character stubs,Ravenclaw Bust
803,Category:Character stubs,Redding family
804,Category:Character stubs,Olivia Redding
805,Category:Character stubs,Patrick Redding
806,Category:Character stubs,Retch
807,Category:Character stubs,Alexandra Ricketts
808,Category:Character stubs,Riggin
809,Category:Character stubs,Rooky
810,Category:Character stubs,Barry Ryan
811,Category:Character stubs,Sirona Ryan
812,Category:Character stubs,Gareth Seaford
813,Category:Character stubs,Jalal Sehmi
814,Category:Character stubs,Shrunken heads in the Three Broomsticks Inn
815,Category:Character stubs,Ruth Singer
816,Category:Character stubs,Jack Sloper
817,Category:Character stubs,Snaglok
818,Category:Character stubs,Calliope Snelling
819,Category:Character stubs,Scarlett Sparks
820,Category:Character stubs,Wigot Spitchwick
821,Category:Character stubs,Aidan Sprottle
822,Category:Character stubs,Dorothy Sprottle
823,Category:Character stubs,Gobban Stoneham
824,Category:Character stubs,Perdita Strix
825,Category:Character stubs,Sienna Strong
826,Category:Character stubs,Angus Sweeting
827,Category:Character stubs,Poppy Sweeting's grandmother
828,Category:Character stubs,Violet Sweeting
829,Category:Character stubs,Inari Takahashi
830,Category:Character stubs,Jack Taylor
831,Category:Character stubs,Robyn Thistlethwaite
832,Category:Character stubs,Helen Thistlewood
833,Category:Character stubs,Tempeste Thorne
834,Category:Character stubs,Torvus
835,Category:Character stubs,Ailsa Travers
836,Category:Character stubs,Thaddeus Travers
837,Category:Character stubs,Nora Treadwell
838,Category:Character stubs,Priya Treadwell
839,Category:Character stubs,Dunstan Trinity
840,Category:Character stubs,Jasper Trout
841,Category:Character stubs,Turner
842,Category:Character stubs,Lottie Turner
843,Category:Character stubs,Unidentified Chaser (I)
844,Category:Character stubs,Unidentified Chaser (II)
845,Category:Character stubs,Unidentified female Death Eater at Malfoy Manor (I)
846,Category:Character stubs,Unidentified Hit Wizard
847,Category:Character stubs,Unidentified Keeper (II)
848,Category:Character stubs,Unidentified king
845,Added,Cho Chang
846,added,Cedric Diggory
847,added,Draco Malfoy
848,added,Viktor Krum
849,added,Hagrid
850,added,Draco Malfoy
851,added,Tom Riddle
852,added,Sirius Black
853,added,Moody
854,added,Karkaroff
855,added,Fleur Delacour
856,added,Remus Lupin
857,added,Ginny Weasley